key,value,year
Australia,8.8,1971
Australia,8.7,1972
Australia,7.9,1973
Australia,8.2,1974
Australia,8.2,1975
Australia,8.1,1976
Australia,7.3,1977
Australia,7.3,1978
Australia,7.2,1979
Australia,6.8,1980
Australia,7.2,1981
Australia,7.1,1982
Australia,7.1,1983
Australia,6.8,1984
Australia,7.1,1985
Australia,6.6,1986
Australia,6.3,1987
Australia,6.3,1988
Australia,6.2,1989
Australia,6.1,1990
Australia,6.3,1991
Australia,5.7,1992
Australia,6.2,1993
Australia,6.1,1994
Australia,6.2,1995
Australia,6.4,1996
Australia,6.5,1997
Australia,6.1,1998
Australia,6.1,1999
Australia,6,2000
Australia,6.2,2001
Australia,6.2,2002
Australia,6,2003
Australia,6,2004
Australia,5.5,2005
Australia,5.3,2006
Australia,5.6,2007
Austria,10.9,1971
Austria,10.5,1972
Austria,10.8,1973
Austria,12.6,1974
Austria,13.6,1975
Austria,11.2,1976
Austria,13.4,1977
Austria,13.5,1978
Austria,14.4,1979
Austria,15.6,1980
Austria,17.8,1981
Austria,19,1982
Austria,18.9,1983
Austria,18.7,1984
Austria,19.6,1985
Austria,20.8,1986
Austria,22.4,1987
Austria,26.3,1988
Austria,24.3,1989
Austria,21,1990
Austria,20.6,1991
Austria,22.5,1992
Austria,23.2,1993
Austria,22.6,1994
Austria,22.8,1995
Austria,21.4,1996
Austria,21.9,1997
Austria,21.6,1998
Austria,23.9,1999
Austria,24,2000
Austria,23.3,2001
Austria,23.3,2002
Austria,20.9,2003
Austria,22.2,2004
Austria,22.4,2005
Austria,23.9,2006
Austria,25.6,2007
Belgium,0,1971
Belgium,0,1972
Belgium,0,1973
Belgium,0.1,1974
Belgium,0.1,1975
Belgium,0.1,1976
Belgium,0.1,1977
Belgium,0.2,1978
Belgium,0.2,1979
Belgium,0.2,1980
Belgium,0.2,1981
Belgium,0.2,1982
Belgium,0.3,1983
Belgium,0.4,1984
Belgium,0.4,1985
Belgium,0.5,1986
Belgium,0.5,1987
Belgium,0.5,1988
Belgium,0.9,1989
Belgium,1.6,1990
Belgium,1.6,1991
Belgium,1.7,1992
Belgium,1.5,1993
Belgium,1.5,1994
Belgium,1.7,1995
Belgium,1.6,1996
Belgium,1.6,1997
Belgium,1.7,1998
Belgium,1.8,1999
Belgium,1.8,2000
Belgium,2.1,2001
Belgium,2.1,2002
Belgium,2.4,2003
Belgium,2.6,2004
Belgium,2.8,2005
Belgium,3.4,2006
Belgium,3.8,2007
Canada,15.3,1971
Canada,15.2,1972
Canada,15.4,1973
Canada,16,1974
Canada,14.2,1975
Canada,14.4,1976
Canada,14.4,1977
Canada,15,1978
Canada,14.8,1979
Canada,15.2,1980
Canada,16.1,1981
Canada,16.3,1982
Canada,17.2,1983
Canada,17.3,1984
Canada,17.9,1985
Canada,18.1,1986
Canada,17.8,1987
Canada,16.7,1988
Canada,15.5,1989
Canada,16.2,1990
Canada,16.7,1991
Canada,16.7,1992
Canada,16.4,1993
Canada,16.8,1994
Canada,16.8,1995
Canada,17.2,1996
Canada,16.9,1997
Canada,16.5,1998
Canada,16.9,1999
Canada,16.9,2000
Canada,16,2001
Canada,16.9,2002
Canada,15.7,2003
Canada,15.6,2004
Canada,16.1,2005
Canada,15.8,2006
Canada,16.2,2007
Czech Republic,0.2,1971
Czech Republic,0.2,1972
Czech Republic,0.2,1973
Czech Republic,0.4,1974
Czech Republic,0.4,1975
Czech Republic,0.3,1976
Czech Republic,0.4,1977
Czech Republic,0.4,1978
Czech Republic,0.4,1979
Czech Republic,0.4,1980
Czech Republic,0.4,1981
Czech Republic,0.3,1982
Czech Republic,0.3,1983
Czech Republic,0.2,1984
Czech Republic,0.3,1985
Czech Republic,0.3,1986
Czech Republic,0.4,1987
Czech Republic,0.4,1988
Czech Republic,0.3,1989
Czech Republic,0.2,1990
Czech Republic,0.2,1991
Czech Republic,1.5,1992
Czech Republic,1.7,1993
Czech Republic,1.9,1994
Czech Republic,1.5,1995
Czech Republic,1.5,1996
Czech Republic,1.7,1997
Czech Republic,1.7,1998
Czech Republic,2.4,1999
Czech Republic,2,2000
Czech Republic,2.1,2001
Czech Republic,2.5,2002
Czech Republic,3.7,2003
Czech Republic,4.1,2004
Czech Republic,4.3,2005
Czech Republic,4.6,2006
Czech Republic,5,2007
Denmark,1.8,1971
Denmark,1.8,1972
Denmark,1.8,1973
Denmark,2,1974
Denmark,2.1,1975
Denmark,2.1,1976
Denmark,2.1,1977
Denmark,2.2,1978
Denmark,2.6,1979
Denmark,3.3,1980
Denmark,4.4,1981
Denmark,4.7,1982
Denmark,5.2,1983
Denmark,5.3,1984
Denmark,4.9,1985
Denmark,5.2,1986
Denmark,5.9,1987
Denmark,6.2,1988
Denmark,6.7,1989
Denmark,6.9,1990
Denmark,6.8,1991
Denmark,7.5,1992
Denmark,7.7,1993
Denmark,7.4,1994
Denmark,7.9,1995
Denmark,7.5,1996
Denmark,8.7,1997
Denmark,9.1,1998
Denmark,10.1,1999
Denmark,11.4,2000
Denmark,12,2001
Denmark,12.9,2002
Denmark,13.9,2003
Denmark,15.7,2004
Denmark,17.1,2005
Denmark,16.3,2006
Denmark,18.1,2007
Finland,27.3,1971
Finland,25,1972
Finland,23,1973
Finland,24.1,1974
Finland,21.4,1975
Finland,18.9,1976
Finland,19.3,1977
Finland,18.4,1978
Finland,18.4,1979
Finland,17.7,1980
Finland,20.1,1981
Finland,19.5,1982
Finland,21,1983
Finland,21.5,1984
Finland,18.5,1985
Finland,17.9,1986
Finland,17.6,1987
Finland,18.4,1988
Finland,18.8,1989
Finland,19.3,1990
Finland,18.5,1991
Finland,19.9,1992
Finland,19.9,1993
Finland,19.1,1994
Finland,21.2,1995
Finland,20.3,1996
Finland,21.5,1997
Finland,22.8,1998
Finland,22.8,1999
Finland,24.8,2000
Finland,23.3,2001
Finland,22.9,2002
Finland,21.9,2003
Finland,23.6,2004
Finland,23.7,2005
Finland,23.3,2006
Finland,23.5,2007
France,8.6,1971
France,8.2,1972
France,7.7,1973
France,7.9,1974
France,8.7,1975
France,7.4,1976
France,9,1977
France,8.2,1978
France,7.9,1979
France,7.7,1980
France,7.8,1981
France,8,1982
France,8.3,1983
France,7.9,1984
France,8,1985
France,7.8,1986
France,8.2,1987
France,8.1,1988
France,6.8,1989
France,7.3,1990
France,7.9,1991
France,8.2,1992
France,7.8,1993
France,8.2,1994
France,7.8,1995
France,7.4,1996
France,7.3,1997
France,7.1,1998
France,7.5,1999
France,7.2,2000
France,7.1,2001
France,6.5,2002
France,6.6,2003
France,6.6,2004
France,6.4,2005
France,6.7,2006
France,7.2,2007
Germany,1.2,1971
Germany,1.2,1972
Germany,1.1,1973
Germany,1.5,1974
Germany,1.5,1975
Germany,1.4,1976
Germany,1.5,1977
Germany,1.5,1978
Germany,1.4,1979
Germany,1.7,1980
Germany,1.8,1981
Germany,2,1982
Germany,1.9,1983
Germany,2,1984
Germany,1.9,1985
Germany,1.6,1986
Germany,1.6,1987
Germany,1.7,1988
Germany,1.6,1989
Germany,1.8,1990
Germany,1.8,1991
Germany,1.9,1992
Germany,2,1993
Germany,2.1,1994
Germany,2.2,1995
Germany,2.3,1996
Germany,2.6,1997
Germany,2.8,1998
Germany,2.8,1999
Germany,3.2,2000
Germany,3.5,2001
Germany,3.8,2002
Germany,4.3,2003
Germany,4.9,2004
Germany,5.2,2005
Germany,6.1,2006
Germany,8.6,2007
Greece,7.8,1971
Greece,6.7,1972
Greece,5.4,1973
Greece,5.8,1974
Greece,5.3,1975
Greece,4.8,1976
Greece,4.5,1977
Greece,4.9,1978
Greece,5,1979
Greece,4.9,1980
Greece,5.1,1981
Greece,5,1982
Greece,4.1,1983
Greece,4.3,1984
Greece,3.9,1985
Greece,4.4,1986
Greece,4.1,1987
Greece,3.7,1988
Greece,3.2,1989
Greece,5.1,1990
Greece,5.7,1991
Greece,5.4,1992
Greece,5.5,1993
Greece,5.6,1994
Greece,5.8,1995
Greece,6,1996
Greece,5.6,1997
Greece,5.4,1998
Greece,5.8,1999
Greece,5.4,2000
Greece,4.9,2001
Greece,5,2002
Greece,5.4,2003
Greece,5.4,2004
Greece,5.5,2005
Greece,5.9,2006
Greece,5.4,2007
Hungary,2.9,1971
Hungary,2.9,1972
Hungary,3.1,1973
Hungary,2.9,1974
Hungary,2.1,1975
Hungary,2.2,1976
Hungary,2,1977
Hungary,1.7,1978
Hungary,2,1979
Hungary,1.9,1980
Hungary,2.1,1981
Hungary,2,1982
Hungary,2,1983
Hungary,2.4,1984
Hungary,2.1,1985
Hungary,1.8,1986
Hungary,1.8,1987
Hungary,1.5,1988
Hungary,1.7,1989
Hungary,2.7,1990
Hungary,3,1991
Hungary,3.3,1992
Hungary,3.3,1993
Hungary,3.4,1994
Hungary,3.4,1995
Hungary,3.4,1996
Hungary,3.3,1997
Hungary,3.4,1998
Hungary,3.5,1999
Hungary,3.5,2000
Hungary,3.6,2001
Hungary,3.6,2002
Hungary,3.5,2003
Hungary,3.7,2004
Hungary,4.5,2005
Hungary,4.8,2006
Hungary,5.4,2007
Iceland,46.7,1971
Iceland,50,1972
Iceland,48.2,1973
Iceland,48.2,1974
Iceland,52.3,1975
Iceland,54.5,1976
Iceland,54.8,1977
Iceland,55.5,1978
Iceland,57.8,1979
Iceland,60.7,1980
Iceland,66.3,1981
Iceland,70.9,1982
Iceland,71.5,1983
Iceland,69.4,1984
Iceland,70.6,1985
Iceland,68.6,1986
Iceland,68.4,1987
Iceland,69.5,1988
Iceland,69.8,1989
Iceland,67,1990
Iceland,70.2,1991
Iceland,68.5,1992
Iceland,68.3,1993
Iceland,67.9,1994
Iceland,69.3,1995
Iceland,67.4,1996
Iceland,69.1,1997
Iceland,70.2,1998
Iceland,74,1999
Iceland,74.5,2000
Iceland,75.6,2001
Iceland,75,2002
Iceland,75.2,2003
Iceland,74.5,2004
Iceland,75.6,2005
Iceland,78.4,2006
Iceland,80.8,2007
Ireland,0.6,1971
Ireland,0.9,1972
Ireland,0.9,1973
Ireland,1,1974
Ireland,0.6,1975
Ireland,0.7,1976
Ireland,0.8,1977
Ireland,0.8,1978
Ireland,0.8,1979
Ireland,0.8,1980
Ireland,0.8,1981
Ireland,0.9,1982
Ireland,0.9,1983
Ireland,0.7,1984
Ireland,0.8,1985
Ireland,0.9,1986
Ireland,0.7,1987
Ireland,0.8,1988
Ireland,0.6,1989
Ireland,1.7,1990
Ireland,1.6,1991
Ireland,1.6,1992
Ireland,1.6,1993
Ireland,1.6,1994
Ireland,1.4,1995
Ireland,1.5,1996
Ireland,1.5,1997
Ireland,1.8,1998
Ireland,1.7,1999
Ireland,1.7,2000
Ireland,1.6,2001
Ireland,1.8,2002
Ireland,1.6,2003
Ireland,2,2004
Ireland,2.5,2005
Ireland,2.9,2006
Ireland,3.1,2007
Italy,5.6,1971
Italy,5.4,1972
Italy,4.7,1973
Italy,5.4,1974
Italy,5.8,1975
Italy,5.2,1976
Italy,6.1,1977
Italy,5.4,1978
Italy,5.3,1979
Italy,5.4,1980
Italy,5.5,1981
Italy,5.5,1982
Italy,5.5,1983
Italy,5.6,1984
Italy,5.2,1985
Italy,5.3,1986
Italy,5.1,1987
Italy,5.2,1988
Italy,4.7,1989
Italy,4.5,1990
Italy,5.1,1991
Italy,5.4,1992
Italy,5.4,1993
Italy,5.7,1994
Italy,5,1995
Italy,5.4,1996
Italy,5.5,1997
Italy,5.6,1998
Italy,6,1999
Italy,6.1,2000
Italy,6.2,2001
Italy,6,2002
Italy,6.3,2003
Italy,7.1,2004
Italy,6.7,2005
Italy,7.3,2006
Italy,7.2,2007
Japan,2.7,1971
Japan,2.6,1972
Japan,1.9,1973
Japan,2.2,1974
Japan,2.4,1975
Japan,2.3,1976
Japan,2,1977
Japan,2,1978
Japan,2.2,1979
Japan,2.4,1980
Japan,2.5,1981
Japan,3.6,1982
Japan,3.7,1983
Japan,3.2,1984
Japan,3.6,1985
Japan,3.5,1986
Japan,3.4,1987
Japan,3.6,1988
Japan,3.5,1989
Japan,3.5,1990
Japan,3.7,1991
Japan,3.3,1992
Japan,3.4,1993
Japan,2.8,1994
Japan,3.3,1995
Japan,3.3,1996
Japan,3.5,1997
Japan,3.5,1998
Japan,3.4,1999
Japan,3.3,2000
Japan,3.3,2001
Japan,3.3,2002
Japan,3.6,2003
Japan,3.5,2004
Japan,3.3,2005
Japan,3.5,2006
Japan,3.4,2007
Korea,0.6,1971
Korea,0.6,1972
Korea,0.5,1973
Korea,0.7,1974
Korea,0.6,1975
Korea,0.6,1976
Korea,0.4,1977
Korea,0.5,1978
Korea,0.5,1979
Korea,0.4,1980
Korea,0.6,1981
Korea,0.4,1982
Korea,0.5,1983
Korea,0.4,1984
Korea,0.6,1985
Korea,0.6,1986
Korea,0.7,1987
Korea,0.4,1988
Korea,0.5,1989
Korea,1.4,1990
Korea,1,1991
Korea,0.9,1992
Korea,0.9,1993
Korea,0.7,1994
Korea,0.8,1995
Korea,0.7,1996
Korea,0.7,1997
Korea,0.9,1998
Korea,0.9,1999
Korea,0.9,2000
Korea,1,2001
Korea,0.9,2002
Korea,1.1,2003
Korea,1.1,2004
Korea,1.2,2005
Korea,1.3,2006
Korea,1.4,2007
Luxembourg,0,1971
Luxembourg,0.2,1972
Luxembourg,0,1973
Luxembourg,0.2,1974
Luxembourg,0.3,1975
Luxembourg,0,1976
Luxembourg,0.8,1977
Luxembourg,0.7,1978
Luxembourg,0.8,1979
Luxembourg,0.8,1980
Luxembourg,1,1981
Luxembourg,1,1982
Luxembourg,1.1,1983
Luxembourg,1,1984
Luxembourg,1,1985
Luxembourg,1,1986
Luxembourg,1,1987
Luxembourg,1.3,1988
Luxembourg,1.2,1989
Luxembourg,0.9,1990
Luxembourg,1.1,1991
Luxembourg,1.4,1992
Luxembourg,1.3,1993
Luxembourg,1.4,1994
Luxembourg,1.6,1995
Luxembourg,1.3,1996
Luxembourg,1.6,1997
Luxembourg,1.7,1998
Luxembourg,1.6,1999
Luxembourg,1.5,2000
Luxembourg,1.7,2001
Luxembourg,1.4,2002
Luxembourg,1.6,2003
Luxembourg,1.7,2004
Luxembourg,1.9,2005
Luxembourg,1.9,2006
Luxembourg,2.8,2007
Mexico,16.8,1971
Mexico,15.4,1972
Mexico,14.7,1973
Mexico,14.6,1974
Mexico,13.6,1975
Mexico,13.1,1976
Mexico,12.5,1977
Mexico,11.3,1978
Mexico,11.1,1979
Mexico,9.6,1980
Mexico,9.6,1981
Mexico,9.4,1982
Mexico,9.9,1983
Mexico,10,1984
Mexico,10,1985
Mexico,11.4,1986
Mexico,11.7,1987
Mexico,11.7,1988
Mexico,11.5,1989
Mexico,11.4,1990
Mexico,11.2,1991
Mexico,11.5,1992
Mexico,11.7,1993
Mexico,10.6,1994
Mexico,11.7,1995
Mexico,11.6,1996
Mexico,10.9,1997
Mexico,10.6,1998
Mexico,10.7,1999
Mexico,10.8,2000
Mexico,10.3,2001
Mexico,9.6,2002
Mexico,9.6,2003
Mexico,9.8,2004
Mexico,9.7,2005
Mexico,9.5,2006
Mexico,9.3,2007
Netherlands,0,1971
Netherlands,0,1972
Netherlands,0,1973
Netherlands,0,1974
Netherlands,0.3,1975
Netherlands,0.3,1976
Netherlands,0.3,1977
Netherlands,0.4,1978
Netherlands,0.4,1979
Netherlands,0.4,1980
Netherlands,0.3,1981
Netherlands,0.1,1982
Netherlands,0.1,1983
Netherlands,0,1984
Netherlands,0.1,1985
Netherlands,0.2,1986
Netherlands,0.2,1987
Netherlands,0.5,1988
Netherlands,0.6,1989
Netherlands,1.5,1990
Netherlands,1.4,1991
Netherlands,1.5,1992
Netherlands,1.6,1993
Netherlands,1.6,1994
Netherlands,1.7,1995
Netherlands,1.9,1996
Netherlands,2.2,1997
Netherlands,2.3,1998
Netherlands,2.4,1999
Netherlands,2.5,2000
Netherlands,2.6,2001
Netherlands,2.8,2002
Netherlands,2.7,2003
Netherlands,3,2004
Netherlands,3.6,2005
Netherlands,3.8,2006
Netherlands,3.9,2007
New Zealand,32,1971
New Zealand,30,1972
New Zealand,28.7,1973
New Zealand,30.5,1974
New Zealand,34.2,1975
New Zealand,30,1976
New Zealand,28.2,1977
New Zealand,30.9,1978
New Zealand,34.3,1979
New Zealand,35.3,1980
New Zealand,35.5,1981
New Zealand,32.1,1982
New Zealand,33,1983
New Zealand,31.7,1984
New Zealand,28.6,1985
New Zealand,30.3,1986
New Zealand,30.7,1987
New Zealand,30.5,1988
New Zealand,32.6,1989
New Zealand,35.8,1990
New Zealand,35.5,1991
New Zealand,33,1992
New Zealand,34.8,1993
New Zealand,34.1,1994
New Zealand,33.8,1995
New Zealand,31.2,1996
New Zealand,29.6,1997
New Zealand,32,1998
New Zealand,32.2,1999
New Zealand,29.8,2000
New Zealand,27.8,2001
New Zealand,29.7,2002
New Zealand,29.7,2003
New Zealand,31.6,2004
New Zealand,32.1,2005
New Zealand,31.7,2006
New Zealand,32.6,2007
Norway,40.9,1971
Norway,42.2,1972
Norway,44,1973
Norway,46.3,1974
Norway,45.5,1975
Norway,47,1976
Norway,40.6,1977
Norway,42,1978
Norway,45.1,1979
Norway,42.4,1980
Norway,47.7,1981
Norway,48.9,1982
Norway,53.5,1983
Norway,50.9,1984
Norway,48.1,1985
Norway,43.7,1986
Norway,46.4,1987
Norway,50.7,1988
Norway,52.8,1989
Norway,54.5,1990
Norway,48.2,1991
Norway,49.9,1992
Norway,48.1,1993
Norway,46.7,1994
Norway,49.4,1995
Norway,44.3,1996
Norway,44.3,1997
Norway,44.7,1998
Norway,45.5,1999
Norway,52.5,2000
Norway,45,2001
Norway,50.9,2002
Norway,38.8,2003
Norway,38.2,2004
Norway,46.1,2005
Norway,40.1,2006
Norway,48.3,2007
Poland,1.6,1971
Poland,1.8,1972
Poland,1.5,1973
Poland,1.5,1974
Poland,1.5,1975
Poland,1.3,1976
Poland,1.4,1977
Poland,1.2,1978
Poland,1,1979
Poland,1.1,1980
Poland,1.4,1981
Poland,1.2,1982
Poland,1.3,1983
Poland,1.6,1984
Poland,1.6,1985
Poland,2.2,1986
Poland,1.9,1987
Poland,1.9,1988
Poland,2,1989
Poland,2.3,1990
Poland,2.2,1991
Poland,2.3,1992
Poland,4.6,1993
Poland,4.9,1994
Poland,4.8,1995
Poland,4.4,1996
Poland,4.3,1997
Poland,4.6,1998
Poland,4.5,1999
Poland,4.8,2000
Poland,5.1,2001
Poland,5.2,2002
Poland,5.1,2003
Poland,5.3,2004
Poland,5.4,2005
Poland,5.7,2006
Poland,5.7,2007
Portugal,19.6,1971
Portugal,19.6,1972
Portugal,18.4,1973
Portugal,18,1974
Portugal,15.5,1975
Portugal,12.7,1976
Portugal,19,1977
Portugal,18.9,1978
Portugal,17.9,1979
Portugal,14.1,1980
Portugal,11.8,1981
Portugal,12.4,1982
Portugal,13.7,1983
Portugal,14.9,1984
Portugal,16.8,1985
Portugal,14.4,1986
Portugal,14.8,1987
Portugal,16.3,1988
Portugal,15.2,1989
Portugal,19.6,1990
Portugal,19.4,1991
Portugal,15.8,1992
Portugal,17.9,1993
Portugal,18.8,1994
Portugal,16.5,1995
Portugal,18.9,1996
Portugal,17.8,1997
Portugal,16.3,1998
Portugal,13.7,1999
Portugal,15.6,2000
Portugal,16.5,2001
Portugal,14.1,2002
Portugal,17.3,2003
Portugal,15.1,2004
Portugal,13.6,2005
Portugal,17.6,2006
Portugal,18.3,2007
Slovak Republic,2.4,1971
Slovak Republic,2.3,1972
Slovak Republic,1.9,1973
Slovak Republic,2.2,1974
Slovak Republic,2,1975
Slovak Republic,2,1976
Slovak Republic,2.1,1977
Slovak Republic,2,1978
Slovak Republic,1.7,1979
Slovak Republic,1.9,1980
Slovak Republic,1.7,1981
Slovak Republic,1.6,1982
Slovak Republic,1.6,1983
Slovak Republic,1.3,1984
Slovak Republic,1.5,1985
Slovak Republic,1.4,1986
Slovak Republic,1.5,1987
Slovak Republic,1.4,1988
Slovak Republic,1.4,1989
Slovak Republic,1.5,1990
Slovak Republic,1.4,1991
Slovak Republic,1.6,1992
Slovak Republic,3.9,1993
Slovak Republic,4.7,1994
Slovak Republic,4,1995
Slovak Republic,3.9,1996
Slovak Republic,3.9,1997
Slovak Republic,4,1998
Slovak Republic,4.4,1999
Slovak Republic,4.6,2000
Slovak Republic,4.4,2001
Slovak Republic,4.2,2002
Slovak Republic,3.6,2003
Slovak Republic,4.2,2004
Slovak Republic,4.6,2005
Slovak Republic,4.7,2006
Slovak Republic,5.7,2007
Spain,6.5,1971
Spain,6.8,1972
Spain,4.8,1973
Spain,4.7,1974
Spain,3.9,1975
Spain,3,1976
Spain,5.7,1977
Spain,5.4,1978
Spain,6.1,1979
Spain,4.2,1980
Spain,3.2,1981
Spain,3.9,1982
Spain,3.9,1983
Spain,4.5,1984
Spain,4.4,1985
Spain,3.8,1986
Spain,3.8,1987
Spain,4.4,1988
Spain,6,1989
Spain,6.9,1990
Spain,6.6,1991
Spain,5.4,1992
Spain,6.2,1993
Spain,6.3,1994
Spain,5.7,1995
Spain,7.3,1996
Spain,6.5,1997
Spain,6.3,1998
Spain,5.4,1999
Spain,5.8,2000
Spain,6.7,2001
Spain,5.5,2002
Spain,7,2003
Spain,6.5,2004
Spain,6,2005
Spain,6.6,2006
Spain,7.1,2007
Sweden,20.4,1971
Sweden,20.4,1972
Sweden,22.4,1973
Sweden,23,1974
Sweden,21.9,1975
Sweden,19.5,1976
Sweden,19.2,1977
Sweden,20.9,1978
Sweden,21.2,1979
Sweden,22.7,1980
Sweden,22.2,1981
Sweden,21.9,1982
Sweden,24.6,1983
Sweden,25.2,1984
Sweden,24.3,1985
Sweden,21.7,1986
Sweden,24.1,1987
Sweden,23.5,1988
Sweden,24.6,1989
Sweden,24.9,1990
Sweden,23,1991
Sweden,26.6,1992
Sweden,27.5,1993
Sweden,23.5,1994
Sweden,26,1995
Sweden,23.5,1996
Sweden,27.5,1997
Sweden,27.9,1998
Sweden,27.2,1999
Sweden,31.7,2000
Sweden,28.8,2001
Sweden,26,2002
Sweden,25.3,2003
Sweden,25.8,2004
Sweden,29.7,2005
Sweden,29.7,2006
Sweden,31.1,2007
Switzerland,15.5,1971
Switzerland,13.6,1972
Switzerland,14,1973
Switzerland,14.7,1974
Switzerland,17.9,1975
Switzerland,13.7,1976
Switzerland,18.1,1977
Switzerland,16.6,1978
Switzerland,16.6,1979
Switzerland,16.4,1980
Switzerland,18.5,1981
Switzerland,19.8,1982
Switzerland,18.2,1983
Switzerland,15.7,1984
Switzerland,15.9,1985
Switzerland,15.8,1986
Switzerland,16.9,1987
Switzerland,17.3,1988
Switzerland,15.3,1989
Switzerland,14.9,1990
Switzerland,15.8,1991
Switzerland,16.1,1992
Switzerland,18,1993
Switzerland,18.9,1994
Switzerland,18,1995
Switzerland,15.6,1996
Switzerland,17.1,1997
Switzerland,17,1998
Switzerland,19.1,1999
Switzerland,18.6,2000
Switzerland,19.3,2001
Switzerland,17.6,2002
Switzerland,18,2003
Switzerland,18.4,2004
Switzerland,18.5,2005
Switzerland,18,2006
Switzerland,20.7,2007
Turkey,31,1971
Turkey,29.8,1972
Turkey,27.6,1973
Turkey,27.4,1974
Turkey,27.6,1975
Turkey,26.8,1976
Turkey,25,1977
Turkey,26.1,1978
Turkey,28.7,1979
Turkey,27.7,1980
Turkey,27.9,1981
Turkey,27.4,1982
Turkey,25.6,1983
Turkey,25,1984
Turkey,23,1985
Turkey,21.8,1986
Turkey,21,1987
Turkey,22.9,1988
Turkey,20.1,1989
Turkey,18.3,1990
Turkey,18.5,1991
Turkey,18.6,1992
Turkey,18.7,1993
Turkey,18.5,1994
Turkey,17.5,1995
Turkey,16.8,1996
Turkey,15.9,1997
Turkey,16,1998
Turkey,15.2,1999
Turkey,13.2,2000
Turkey,13.3,2001
Turkey,13.5,2002
Turkey,12.9,2003
Turkey,13.3,2004
Turkey,12,2005
Turkey,11.2,2006
Turkey,9.6,2007
United Kingdom,0.1,1971
United Kingdom,0.1,1972
United Kingdom,0.2,1973
United Kingdom,0.2,1974
United Kingdom,0.2,1975
United Kingdom,0.2,1976
United Kingdom,0.2,1977
United Kingdom,0.2,1978
United Kingdom,0.2,1979
United Kingdom,0.2,1980
United Kingdom,0.2,1981
United Kingdom,0.2,1982
United Kingdom,0.2,1983
United Kingdom,0.2,1984
United Kingdom,0.2,1985
United Kingdom,0.2,1986
United Kingdom,0.2,1987
United Kingdom,0.2,1988
United Kingdom,0.5,1989
United Kingdom,0.5,1990
United Kingdom,0.5,1991
United Kingdom,0.7,1992
United Kingdom,0.7,1993
United Kingdom,0.9,1994
United Kingdom,0.9,1995
United Kingdom,0.9,1996
United Kingdom,1,1997
United Kingdom,1,1998
United Kingdom,1,1999
United Kingdom,1.1,2000
United Kingdom,1.3,2001
United Kingdom,1.5,2002
United Kingdom,1.6,2003
United Kingdom,1.7,2004
United Kingdom,2,2005
United Kingdom,2.1,2006
United Kingdom,2.4,2007
United States,3.7,1971
United States,3.7,1972
United States,3.6,1973
United States,3.9,1974
United States,4,1975
United States,4,1976
United States,3.7,1977
United States,4.1,1978
United States,4.3,1979
United States,4.6,1980
United States,4.7,1981
United States,5.2,1982
United States,5.5,1983
United States,5.7,1984
United States,5.5,1985
United States,5.7,1986
United States,5.6,1987
United States,5.2,1988
United States,5.3,1989
United States,5.2,1990
United States,5.4,1991
United States,5.6,1992
United States,5.3,1993
United States,5.2,1994
United States,5.4,1995
United States,5.5,1996
United States,5.2,1997
United States,5.1,1998
United States,5,1999
United States,4.8,2000
United States,4.3,2001
United States,4.3,2002
United States,4.6,2003
United States,4.6,2004
United States,4.8,2005
United States,5,2006
United States,5,2007
EU27 total,0,1971
EU27 total,0,1972
EU27 total,0,1973
EU27 total,0,1974
EU27 total,0,1975
EU27 total,0,1976
EU27 total,0,1977
EU27 total,0,1978
EU27 total,0,1979
EU27 total,0,1980
EU27 total,0,1981
EU27 total,0,1982
EU27 total,0,1983
EU27 total,0,1984
EU27 total,0,1985
EU27 total,0,1986
EU27 total,0,1987
EU27 total,0,1988
EU27 total,0,1989
EU27 total,4.5,1990
EU27 total,4.7,1991
EU27 total,5,1992
EU27 total,5.3,1993
EU27 total,5.4,1994
EU27 total,5.4,1995
EU27 total,5.4,1996
EU27 total,5.7,1997
EU27 total,5.9,1998
EU27 total,5.9,1999
EU27 total,6.2,2000
EU27 total,6.2,2001
EU27 total,6.1,2002
EU27 total,6.4,2003
EU27 total,6.8,2004
EU27 total,6.9,2005
EU27 total,7.4,2006
EU27 total,8.2,2007
OECD total,4.8,1971
OECD total,4.8,1972
OECD total,4.6,1973
OECD total,4.9,1974
OECD total,5,1975
OECD total,4.8,1976
OECD total,4.7,1977
OECD total,4.9,1978
OECD total,5,1979
OECD total,5.2,1980
OECD total,5.5,1981
OECD total,5.8,1982
OECD total,6.1,1983
OECD total,6.2,1984
OECD total,6.1,1985
OECD total,6.1,1986
OECD total,6.1,1987
OECD total,6,1988
OECD total,5.9,1989
OECD total,6,1990
OECD total,6.2,1991
OECD total,6.3,1992
OECD total,6.3,1993
OECD total,6.2,1994
OECD total,6.3,1995
OECD total,6.3,1996
OECD total,6.2,1997
OECD total,6.2,1998
OECD total,6.2,1999
OECD total,6.2,2000
OECD total,5.9,2001
OECD total,5.9,2002
OECD total,6.1,2003
OECD total,6.2,2004
OECD total,6.3,2005
OECD total,6.6,2006
OECD total,6.9,2007
Brazil,56.4,1971
Brazil,54.5,1972
Brazil,50.6,1973
Brazil,49.5,1974
Brazil,47.8,1975
Brazil,45.7,1976
Brazil,45.8,1977
Brazil,43.6,1978
Brazil,43.6,1979
Brazil,45.2,1980
Brazil,47.2,1981
Brazil,47.6,1982
Brazil,50.3,1983
Brazil,52.2,1984
Brazil,50.9,1985
Brazil,49.3,1986
Brazil,49.3,1987
Brazil,48.8,1988
Brazil,48.6,1989
Brazil,46.9,1990
Brazil,46.3,1991
Brazil,45.7,1992
Brazil,45.2,1993
Brazil,45.1,1994
Brazil,43.2,1995
Brazil,41.6,1996
Brazil,40.9,1997
Brazil,40.3,1998
Brazil,40.1,1999
Brazil,39,2000
Brazil,37.5,2001
Brazil,39.3,2002
Brazil,42,2003
Brazil,42.3,2004
Brazil,42.9,2005
Brazil,43.3,2006
Brazil,44.4,2007
Chile,20.8,1971
Chile,20.9,1972
Chile,21.2,1973
Chile,23.1,1974
Chile,25.7,1975
Chile,25.4,1976
Chile,25.7,1977
Chile,26.3,1978
Chile,25.6,1979
Chile,26.1,1980
Chile,26,1981
Chile,29.8,1982
Chile,31.5,1983
Chile,31.8,1984
Chile,33.2,1985
Chile,33.4,1986
Chile,34.1,1987
Chile,30.7,1988
Chile,26.2,1989
Chile,25,1990
Chile,29.1,1991
Chile,30.3,1992
Chile,28.3,1993
Chile,26.8,1994
Chile,26.8,1995
Chile,24.9,1996
Chile,24.3,1997
Chile,23.2,1998
Chile,20.5,1999
Chile,22.6,2000
Chile,23.9,2001
Chile,23.8,2002
Chile,22.7,2003
Chile,21.4,2004
Chile,22.5,2005
Chile,23,2006
Chile,21.8,2007
China,40,1971
China,39.1,1972
China,38.6,1973
China,38.5,1974
China,35.5,1975
China,34.9,1976
China,32.5,1977
China,30.3,1978
China,30.3,1979
China,30.9,1980
China,31.6,1981
China,31.1,1982
China,30.4,1983
China,28.8,1984
China,28.4,1985
China,27.7,1986
China,26.7,1987
China,25.7,1988
China,25.6,1989
China,24.5,1990
China,24.9,1991
China,24.3,1992
China,23.2,1993
China,22.4,1994
China,21.2,1995
China,20.4,1996
China,20.4,1997
China,20.4,1998
China,20.4,1999
China,20.3,2000
China,20.7,2001
China,19.1,2002
China,16.7,2003
China,14.7,2004
China,13.8,2005
China,12.8,2006
China,12.3,2007
Estonia,0,1971
Estonia,0,1972
Estonia,0,1973
Estonia,0,1974
Estonia,0,1975
Estonia,0,1976
Estonia,0,1977
Estonia,0,1978
Estonia,0,1979
Estonia,0,1980
Estonia,0,1981
Estonia,0,1982
Estonia,0,1983
Estonia,0,1984
Estonia,0,1985
Estonia,0,1986
Estonia,0,1987
Estonia,0,1988
Estonia,0,1989
Estonia,2,1990
Estonia,2.2,1991
Estonia,3.5,1992
Estonia,4.2,1993
Estonia,5.8,1994
Estonia,7.1,1995
Estonia,11.6,1996
Estonia,11.6,1997
Estonia,10.3,1998
Estonia,11.3,1999
Estonia,11.3,2000
Estonia,11.5,2001
Estonia,12.2,2002
Estonia,11.7,2003
Estonia,11.7,2004
Estonia,11.2,2005
Estonia,10.6,2006
Estonia,10.7,2007
India,62.9,1971
India,62.8,1972
India,62.6,1973
India,61.3,1974
India,60.7,1975
India,59.7,1976
India,59.6,1977
India,60.2,1978
India,58.8,1979
India,58.1,1980
India,56,1981
India,54.6,1982
India,53.6,1983
India,52.2,1984
India,50.3,1985
India,49.3,1986
India,47.9,1987
India,46.3,1988
India,44.9,1989
India,43.9,1990
India,42.8,1991
India,41.6,1992
India,40.9,1993
India,39.9,1994
India,38,1995
India,37,1996
India,36.1,1997
India,35.8,1998
India,34.3,1999
India,34,2000
India,33.9,2001
India,33.3,2002
India,33,2003
India,31.8,2004
India,31.4,2005
India,30.4,2006
India,29.2,2007
Indonesia,76,1971
Indonesia,73.8,1972
Indonesia,71.4,1973
Indonesia,69,1974
Indonesia,68,1975
Indonesia,66.2,1976
Indonesia,60.5,1977
Indonesia,57.7,1978
Indonesia,56.1,1979
Indonesia,54.8,1980
Indonesia,53.3,1981
Indonesia,53.4,1982
Indonesia,53.7,1983
Indonesia,52.4,1984
Indonesia,51.7,1985
Indonesia,48.4,1986
Indonesia,48.3,1987
Indonesia,47.2,1988
Indonesia,45,1989
Indonesia,45.4,1990
Indonesia,44,1991
Indonesia,42.9,1992
Indonesia,41.7,1993
Indonesia,40.8,1994
Indonesia,39.1,1995
Indonesia,38.1,1996
Indonesia,36.8,1997
Indonesia,35.2,1998
Indonesia,36.5,1999
Indonesia,36.4,2000
Indonesia,35.9,2001
Indonesia,35.4,2002
Indonesia,34.9,2003
Indonesia,33.7,2004
Indonesia,33,2005
Indonesia,32.6,2006
Indonesia,31.2,2007
Israel,0,1971
Israel,0,1972
Israel,0,1973
Israel,0,1974
Israel,0,1975
Israel,0,1976
Israel,0,1977
Israel,0,1978
Israel,0,1979
Israel,0,1980
Israel,0,1981
Israel,0,1982
Israel,0,1983
Israel,0,1984
Israel,3,1985
Israel,3.2,1986
Israel,3.1,1987
Israel,3,1988
Israel,3,1989
Israel,3.1,1990
Israel,3.3,1991
Israel,3,1992
Israel,3,1993
Israel,3,1994
Israel,3,1995
Israel,3,1996
Israel,3.1,1997
Israel,3.2,1998
Israel,3.2,1999
Israel,3.3,2000
Israel,3.3,2001
Israel,3.5,2002
Israel,3.5,2003
Israel,3.7,2004
Israel,3.6,2005
Israel,3.5,2006
Israel,3.5,2007
Russian Federation,0,1971
Russian Federation,0,1972
Russian Federation,0,1973
Russian Federation,0,1974
Russian Federation,0,1975
Russian Federation,0,1976
Russian Federation,0,1977
Russian Federation,0,1978
Russian Federation,0,1979
Russian Federation,0,1980
Russian Federation,0,1981
Russian Federation,0,1982
Russian Federation,0,1983
Russian Federation,0,1984
Russian Federation,0,1985
Russian Federation,0,1986
Russian Federation,0,1987
Russian Federation,0,1988
Russian Federation,0,1989
Russian Federation,3,1990
Russian Federation,3,1991
Russian Federation,3.5,1992
Russian Federation,3.6,1993
Russian Federation,3.7,1994
Russian Federation,3.8,1995
Russian Federation,3.3,1996
Russian Federation,3.4,1997
Russian Federation,3.4,1998
Russian Federation,3.6,1999
Russian Federation,3.5,2000
Russian Federation,3.5,2001
Russian Federation,3.4,2002
Russian Federation,3.1,2003
Russian Federation,3.5,2004
Russian Federation,3.4,2005
Russian Federation,3.4,2006
Russian Federation,3.3,2007
Slovenia,0,1971
Slovenia,0,1972
Slovenia,0,1973
Slovenia,0,1974
Slovenia,0,1975
Slovenia,0,1976
Slovenia,0,1977
Slovenia,0,1978
Slovenia,0,1979
Slovenia,0,1980
Slovenia,0,1981
Slovenia,0,1982
Slovenia,0,1983
Slovenia,0,1984
Slovenia,0,1985
Slovenia,0,1986
Slovenia,0,1987
Slovenia,0,1988
Slovenia,0,1989
Slovenia,9.2,1990
Slovenia,10.5,1991
Slovenia,10.9,1992
Slovenia,9.7,1993
Slovenia,9.9,1994
Slovenia,9,1995
Slovenia,9.3,1996
Slovenia,8.1,1997
Slovenia,8.7,1998
Slovenia,8.6,1999
Slovenia,12.3,2000
Slovenia,11.6,2001
Slovenia,10.4,2002
Slovenia,10.4,2003
Slovenia,11.6,2004
Slovenia,10.8,2005
Slovenia,10.7,2006
Slovenia,10.4,2007
South Africa,10.4,1971
South Africa,10.9,1972
South Africa,10.7,1973
South Africa,10.9,1974
South Africa,11.3,1975
South Africa,10.7,1976
South Africa,10.5,1977
South Africa,10.1,1978
South Africa,10,1979
South Africa,9.8,1980
South Africa,9.9,1981
South Africa,9.4,1982
South Africa,9.3,1983
South Africa,9.5,1984
South Africa,9.6,1985
South Africa,9.5,1986
South Africa,9.9,1987
South Africa,10.1,1988
South Africa,11.2,1989
South Africa,11.6,1990
South Africa,11.4,1991
South Africa,12.2,1992
South Africa,11.6,1993
South Africa,11.3,1994
South Africa,10.9,1995
South Africa,11.1,1996
South Africa,11.2,1997
South Africa,11.3,1998
South Africa,11.4,1999
South Africa,11.5,2000
South Africa,12,2001
South Africa,12.7,2002
South Africa,11.3,2003
South Africa,10.4,2004
South Africa,10.7,2005
South Africa,10.7,2006
South Africa,10.3,2007
World,13.2,1971
World,12.9,1972
World,12.5,1973
World,12.8,1974
World,12.9,1975
World,12.5,1976
World,12.4,1977
World,12.3,1978
World,12.3,1979
World,12.6,1980
World,12.9,1981
World,13.2,1982
World,13.4,1983
World,13.4,1984
World,13.3,1985
World,13.2,1986
World,13,1987
World,12.8,1988
World,12.8,1989
World,12.8,1990
World,13,1991
World,13.2,1992
World,13.3,1993
World,13.3,1994
World,13.3,1995
World,13.1,1996
World,13.2,1997
World,13.2,1998
World,13.2,1999
World,13.1,2000
World,13,2001
World,12.9,2002
World,12.8,2003
World,12.6,2004
World,12.6,2005
World,12.6,2006
World,12.6,2007